{
    "target_audience_accuracy": 0.7523975588491717,
    "performance_accuracy": 1.0,
    "target_audience_f1": 0.7491040453880866,
    "performance_f1": 1.0
}